Ticker,Short Name,Market Cap,P/E,Total Return YTD,Revenue T12M,PX_TO_BOOK_RATIO
AAPL US Equity,APPLE INC,631936516096,16.753666,-2.382676,182795001856,5.6664800286
XOM US Equity,EXXON MOBIL CORP,384156434432,11.411322,-1.871277,387033006080,2.1275020083
MSFT US Equity,MICROSOFT CORP,381067100160,17.144789,-0.47363,91504998400,4.2323239018
BRK/A US Equity,BERKSHIRE HATH-A,367011233792,23.069437,-1.115044,193463001088,1.5461225352
GOOGL US Equity,GOOGLE INC-A,341192310784,25.495132,-4.807218,64756000768,3.467404973
950130 KS Equity,ACCESS BIO-KDR,325367988224,36.688427,6.19469,45830168576,6.3597696001
JNJ US Equity,JOHNSON&JOHNSON,295474102272,17.663576,0.946732,74432000000,3.8646335015
WMT US Equity,WAL-MART STORES,285574627328,17.770832,3.167212,483791994880,3.6141550908
WFC US Equity,WELLS FARGO & CO,271831515136,12.843138,-4.414444,87624001536,1.6754328757
PG US Equity,PROCTER & GAMBLE,243379830784,20.962955,-1.119768,83787999232,3.7470145098
GE US Equity,GENERAL ELECTRIC,241815977984,17.48111,-4.709143,145243002880,1.7912560378
JPM US Equity,JPMORGAN CHASE,220814802944,9.400979,-5.004624,103212001280,1.0454553585
FB US Equity,FACEBOOK INC-A,212957577216,72.523811,-2.396815,11200000256,9.3511255287
CVX US Equity,CHEVRON CORP,204052414464,9.917435,-3.779638,204022996992,1.3068554677
PFE US Equity,PFIZER INC,200675934208,17.13332,2.247194,50044999680,2.5741544858
VZ US Equity,VERIZON COMMUNIC,191675744256,13.999642,-0.085507,124952002560,11.5627515402
ORCL US Equity,ORACLE CORP,189487480832,17.712337,-3.782991,38821000192,3.991622462
KO US Equity,COCA-COLA CO/THE,188301049856,21.800381,1.823781,46165999616,5.6262902672
BAC US Equity,BANK OF AMERICA,178148671488,10.569928,-5.310223,98352998400,0.8069070171
MRK US Equity,MERCK & CO,175642312704,17.841091,8.487409,43073999872,3.8974113734
INTC US Equity,INTEL CORP,174156693504,17.219965,-0.744008,54983001088,3.0699294978
T US Equity,AT&T INC,172052791296,10.928068,0.148848,131171000320,1.8570459468
V US Equity,VISA INC-CLASS A,161404633088,36.040802,-0.476735,12702000128,7.2536354759
DIS US Equity,WALT DISNEY CO,157412835328,21.514349,-1.443891,48813000704,3.5101873551
C US Equity,CITIGROUP INC,155018919936,9.478329,-5.433381,91118002176,0.7624980683
IBM US Equity,IBM,153446858752,9.220646,-3.359511,96943998976,10.763668564
GILD US Equity,GILEAD SCIENCES,150081929216,17.5874,5.537875,20695557120,11.0766964849
PEP US Equity,PEPSICO INC,143285059584,21.102728,1.247885,66853000192,6.2482508376
CMCSA US Equity,COMCAST CORP-A,141970538496,19.478514,-4.496008,67969000448,2.6672687374
CSCO US Equity,CISCO SYSTEMS,139600953344,16.485338,-1.176108,47302000640,2.4595417948
AMZN US Equity,AMAZON.COM INC,138170384384,,-3.844045,85246998528,13.367692165
HD US Equity,HOME DEPOT INC,137594355712,24.22176,-0.533483,81710000128,13.6115118523
QCOM US Equity,QUALCOMM INC,122583564288,15.975009,-0.807209,26487000064,3.1416522148
AMGN US Equity,AMGEN INC,120368422912,23.456699,-0.659167,19743000064,4.755010629
RY CN Equity,ROYAL BANK OF CA,112999415808,12.844262,-2.355433,38302001152,2.3229266099
CVS US Equity,CVS HEALTH CORP,109972570112,23.012617,-0.394556,135142000640,2.9027737338
ABBV US Equity,ABBVIE INC,106649739264,22.055502,2.276891,19618999808,22.9574278658
SLB US Equity,SCHLUMBERGER LTD,105143926784,15.027535,-4.332051,47844999168,2.5962416695
UTX US Equity,UNITED TECH CORP,102771245056,17.361866,-1.97391,64862999552,3.0183337554
MMM US Equity,3M CO,102402850816,21.858633,-2.750733,31671000064,6.3317166207
UPS US Equity,UNITED PARCEL-B,100434731008,22.752743,-2.437707,57313000448,17.5016312722
UNP US Equity,UNION PAC CORP,100334854144,20.87324,-5.271551,23465000448,4.664604312
MO US Equity,ALTRIA GROUP INC,98586329088,19.970589,1.238077,17735999488,22.9653967499
BMY US Equity,BRISTOL-MYER SQB,98265915392,34.574612,0.355756,16061999872,6.4587758549
TD CN Equity,TORONTO-DOM BANK,97651081216,12.459364,-3.9089,33471999488,1.8605525108
MA US Equity,MASTERCARD INC-A,97403379712,28.05682,-2.065927,9182999936,14.9564808019
UNH US Equity,UNITEDHEALTH GRP,95911927808,18.474648,-1.147488,128157999104,2.948492832
AXP US Equity,AMERICAN EXPRESS,93431291904,17.501259,-2.665518,35496999936,4.6230957241
BA US Equity,BOEING CO/THE,92331622400,17.670834,-0.361595,90079000576,6.3710009748
CELG US Equity,CELGENE CORP,91491565568,52.615334,2.404794,7340800128,15.8905263924
MCD US Equity,MCDONALDS CORP,91490869248,18.531183,0.330849,27962299904,6.7144580599
KMI US Equity,KINDER MORGAN IN,87917060096,33.828064,-2.221703,16147000064,3.3908213119
GS US Equity,GOLDMAN SACHS GP,84312162304,9.856692,-3.379251,41596000256,1.1167196864
BIIB US Equity,BIOGEN IDEC INC,83419537408,34.159374,4.062448,9028499072,7.9998049102
NKE US Equity,NIKE INC -CL B,81961844736,27.935297,-1.331252,29759000064,7.0057848182
COP US Equity,CONOCOPHILLIPS,77978329088,10.219254,-8.268171,54569999360,1.410759644
USB US Equity,US BANCORP,77927776256,14.278688,-3.114575,21143999488,2.0363530449
BNS CN Equity,BANK OF NOVA SCO,77465362432,11.85661,-3.014373,30916000256,1.7232600416
HON US Equity,HONEYWELL INTL,77341663232,17.711039,-1.120892,40426999808,4.0841560173
LLY US Equity,ELI LILLY & CO,77082746880,28.784716,0.347884,20303099904,4.3625242635
AIG US Equity,AMERICAN INTERNA,76267225088,9.624858,-2.731653,66217000960,0.7043363915
FOXA US Equity,TWENTY-FIRST C-A,75061485568,21.623749,-8.045828,32692999680,4.7199864297
HPQ US Equity,HEWLETT-PACKARD,72868077568,12.489995,-0.996764,111453999104,2.7332860409
WBA US Equity,WALGREENS BOOTS,72436203520,33.106644,0.524936,77617002496,3.5101860139
MS US Equity,MORGAN STANLEY,72306475008,15.422949,-4.793816,37936000000,1.0813893255
MDT US Equity,MEDTRONIC INC,71855104000,18.282661,1.108037,17368000256,3.6966307273
ACT US Equity,ACTAVIS PLC,70302162944,51.877563,3.037958,11784699904,2.411066077
TWX US Equity,TIME WARNER INC,69736898560,18.054867,-2.634044,29140999680,2.7756297447
EBAY US Equity,EBAY INC,68237021184,,-2.129365,17511000064,3.4435562369
ABT US Equity,ABBOTT LABS,67399188480,29.541668,-0.577526,21554000384,2.9447389069
LOW US Equity,LOWE'S COS INC,66352369664,26.591803,-0.872102,55343000576,6.1907546158
EPD US Equity,ENTERPRISE PRODU,65829617664,22.801609,-5.81395,50862199808,4.0593491195
DD US Equity,DU PONT (EI),65509027840,18.108433,-2.204497,35092000256,4.1757064407
AGN US Equity,ALLERGAN INC,63783075840,40.058853,0.714993,7011799936,8.9614275707
COST US Equity,COSTCO WHOLESALE,63573594112,29.94191,1.813056,114488999936,5.1438481193
CNR CN Equity,CAN NATL RAILWAY,62826348544,22.268929,-3.03106,11672000000,4.5882063365
MDLZ US Equity,MONDELEZ INTER-A,62358745088,23.71744,2.18857,34902000128,2.0215457836
CL US Equity,COLGATE-PALMOLIV,62294073344,24.755756,-1.214054,17416999936,43.8690659469
ESRX US Equity,EXPRESS SCRIPTS,62059429888,25.432404,-0.129917,100355897344,3.0786539242
SPG US Equity,SIMON PROPERTY,61230022656,39.832302,6.968317,5147926912,12.1530994959
SBUX US Equity,STARBUCKS CORP,60746993664,30.30587,-1.060332,16447900160,11.5410489812
LMT US Equity,LOCKHEED MARTIN,60288000000,17.719389,-0.90357,44603000832,13.1805858383
DUK US Equity,DUKE ENERGY CORP,59744837632,18.722874,1.11324,25080000000,1.4421011027
OXY US Equity,OCCIDENTAL PETE,59715719168,11.183289,-4.465945,24531000320,1.3734381837
DHR US Equity,DANAHER CORP,59588247552,23.41572,-1.061715,19763299840,2.5117777549
EMC US Equity,EMC CORP/MA,58503618560,21.568556,-3.328849,24072999936,2.5808924081
BLK US Equity,BLACKROCK INC,58461724672,18.688192,-2.298915,11073999872,2.1326311324
MET US Equity,METLIFE INC,58165350400,9.072165,-5.342946,72654997504,0.8339606054
F US Equity,FORD MOTOR CO,57884258304,8.934926,-2.967742,145243000832,2.214732882
GM US Equity,GENERAL MOTORS C,57583996928,15.136847,2.663994,156796997632,1.4374451719
VRX CN Equity,VALEANT PHARMACE,57254330368,45.974426,3.192447,8047257088,9.4643241698
MON US Equity,MONSANTO CO,56738234368,23.742115,-1.481545,15582000128,7.6569817545
PCLN US Equity,PRICELINE GROUP,55998431232,24.007956,-6.195352,8143026944,6.4115275373
TXN US Equity,TEXAS INSTRUMENT,55677571072,21.5131,-1.412141,12804000000,5.3173115499
CAT US Equity,CATERPILLAR INC,53160075264,13.605928,-4.064243,55341999104,2.8242083434
BMO CN Equity,BANK OF MONTREAL,51694342144,12.392523,-3.188127,21297999872,1.6512141564
TMO US Equity,THERMO FISHER,51575283712,36.514935,2.905253,15863699968,2.514567178
EFA US Equity,ISHARES MSCI EAF,51372142592,,-2.810649,,#N/A Field Not Applicable
DOW US Equity,DOW CHEMICAL CO,51149533184,14.318868,-4.845427,58168999936,2.3537588582
SU CN Equity,SUNCOR ENERGY,51088670720,12.012257,-4.390251,41156999168,1.2243074707
VTI US Equity,VANGUARD TL SK E,50294218752,,-1.594342,,#N/A Field Not Applicable
MCK US Equity,MCKESSON CORP,49796608000,30.214426,3.454089,161263003648,5.5785466353
TGT US Equity,TARGET CORP,48899756032,26.812656,1.132911,73703998464,2.9744837722
FDX US Equity,FEDEX CORP,48457789440,21.568726,-1.508701,46762999808,3.1132956858
TJX US Equity,TJX COS INC,47286337536,22.440392,-0.495777,28583241216,10.7481987774
ENB CN Equity,ENBRIDGE INC,47129993216,65.755966,-7.063946,37137000448,4.3974699495
NEE US Equity,NEXTERA ENERGY,46677417984,26.904655,0.611536,15987000064,2.4787794293
YHOO US Equity,YAHOO! INC,46031810560,36.623798,-3.801224,4630855936,1.2959855238
EOG US Equity,EOG RESOURCES,45857427456,16.063496,-9.112631,16825515008,2.5873883665
BCE CN Equity,BCE INC,45704769536,17.188538,2.102107,20895999488,4.229164408
PNC US Equity,PNC FINANCIAL SE,45648695296,12.211219,-4.910669,16380000000,1.1299585554
VWO US Equity,VANGUARD FTSE EM,45419864064,,-0.974511,,#N/A Field Not Applicable
SO US Equity,SOUTHERN CO,45260578816,17.34968,2.423129,18376999424,2.280560473
GD US Equity,GENERAL DYNAMICS,44803891200,18.13722,-1.758464,30656000000,3.4438041485
D US Equity,DOMINION RES/VA,44651646976,22.627596,-0.559168,12677999872,3.858850835
COF US Equity,CAPITAL ONE FINA,44472086528,10.638922,-3.101157,23627000320,1.014961318
LVS US Equity,LAS VEGAS SANDS,44206141440,16.457043,-5.226962,14823540992,6.1333222112
BK US Equity,BANK NY MELLON,43981475840,14.818316,-3.697313,15945999872,1.1922653618
DTV US Equity,DIRECTV,42971373568,14.764222,-1.314878,32932000256,#N/A N/A
KMB US Equity,KIMBERLY-CLARK,42672189440,20.649569,-0.839537,21368000000,10.0064067729
EMR US Equity,EMERSON ELEC CO,41735606272,16.726194,-2.332737,24536999936,4.1504426793
REGN US Equity,REGENERON PHARM,41450967040,134.1978,-0.616697,2627640064,16.3244055821
TWC US Equity,TIME WARNER CABL,40677310464,18.892645,-4.629747,22599000064,5.1440365842
SDRL NO Equity,SEADRILL LTD,40235220992,1.226937,-5.610178,4718999936,0.5065597833
IMO CN Equity,IMPERIAL OIL,40167718912,11.164813,-5.314685,34942000128,1.795733477
ADP US Equity,AUTOMATIC DATA,40136048640,27.117006,-0.131943,11950299904,6.8839203455
MFC CN Equity,MANULIFE FIN,39626395648,10.421569,-4.147881,44257999360,1.3390768543
DAL US Equity,DELTA AIR LI,39311134720,14.538771,-4.513107,39790999552,3.1970670783
AMT US Equity,AMERICAN TOWER C,39249825792,53.85601,0.151747,3995703104,9.355757462
QQQ US Equity,POWERSH-QQQ,39206047744,,-1.830508,,#N/A Field Not Applicable
PRU US Equity,PRUDENTL FINL,38983438336,8.343472,-5.494143,46159000064,0.9396551993
BAX US Equity,BAXTER INTL INC,38724341760,15.371588,-2.51058,16780000000,4.6099699057
APC US Equity,ANADARKO PETROLE,38713069568,16.623163,-7.345451,18630999552,1.8606303249
TRP CN Equity,TRANSCANADA CORP,38191550464,23.142473,-5.604198,9900999936,2.2290656254
BX US Equity,BLACKSTONE GROUP,38095024128,8.688312,-1.123266,8576292096,5.7075074566
AAL US Equity,AMERICAN AIRLINE,38022139904,8.088921,-1.156074,39856000000,7.6487910422
CM CN Equity,CAN IMPL BK COMM,37970264064,12.940459,-4.216746,17352999936,2.1586969954
LYB US Equity,LYONDELLBASELL-A,37655236608,8.829042,-5.265147,46455999488,3.8510918614
SCHW US Equity,SCHWAB (CHARLES),37462511616,30.521276,-4.968533,6037999872,3.5332749726
BAM/A CN Equity,BROOKFIELD ASS-A,37325500416,12.023287,1.820676,19403999744,1.678924552
ALXN US Equity,ALEXION PHARM,37264052224,75.196419,1.56731,2076165984,11.9327736694
KRFT US Equity,KRAFT FOODS GROU,37207773184,15.895176,0.845833,18103999488,6.6777793693
PX US Equity,PRAXAIR INC,36800352256,20.291021,-2.516205,12292999680,5.6166594654
PSX US Equity,PHILLIPS 66,36703473664,10.830873,-7.517433,154640003072,1.6878263743
TRI CN Equity,THOMSON REUTERS,36622098432,31.57456,-2.624279,12674000128,2.0656172692
ITW US Equity,ILLINOIS TOOL WO,35989348352,20.804924,-2.78775,14533999872,4.616386436
CRM US Equity,SALESFORCE.COM,35922829312,,-4.012816,5074220032,9.4720812342
SYK US Equity,STRYKER CORP,35622658048,27.004248,-0.180216,9524999936,4.1271430177
CCL US Equity,CARNIVAL CORP,35614695424,23.535637,1.478046,15882999808,1.4715909091
ADBE US Equity,ADOBE SYS INC,35465322496,138.167816,-2.187065,4147065024,5.2456657105
CP CN Equity,CANADIAN PACIFIC,35324239872,26.835287,-6.735199,6466999936,5.0316241889
CNQ CN Equity,CAN NATURAL RES,35125145600,11.599369,-10.412022,18426000128,1.2577617747
POT CN Equity,POTASH CORP SAS,34940162048,20.877714,2.483566,6753999872,3.3714047874
TRV US Equity,TRAVELERS COS IN,34796609536,10.326344,-0.803022,27115999744,1.3742348248
MU US Equity,MICRON TECH,34457911296,9.906383,-8.311911,16889000448,2.950668814
RAI US Equity,REYNOLDS AMERICA,34246535168,11.494925,0.295632,8376000000,6.8589094255
VMW US Equity,VMWARE INC-CL A,33943709696,33.928425,-4.447405,5815000064,4.5750297298
CSX US Equity,CSX CORP,33915492352,18.145163,-6.348328,12508999936,3.0374881549
ANTM US Equity,ANTHEM INC,33893840896,14.810723,-0.087531,72791498752,1.3981042571
PSA US Equity,PUBLIC STORAGE,33722959872,38.892433,5.620773,2142768032,6.5601549668
HAL US Equity,HALLIBURTON CO,33356038144,10.474805,0.076275,31738999296,2.1520831784
RTN US Equity,RAYTHEON CO,33171146752,15.964869,0.009607,22552999936,2.8115716146
BEN US Equity,FRANKLIN RES INC,33166178304,14.349212,-3.756543,8491400064,2.8654771054
PCP US Equity,PRECISION CASTPT,32746889216,18.218924,-4.62056,9936999680,2.8152415262
GWO CN Equity,GREAT-WEST LIFEC,32554151936,13.545303,-2.977077,36513999872,1.9706178539
1910 HK Equity,SAMSONITE INTL,32524996608,22.859608,0.434784,2159483968,3.585579869
ADM US Equity,ARCHER-DANIELS,32170063872,13.730066,-3.903844,84449998848,1.5959962814
GIS US Equity,GENERAL MILLS IN,32071077888,19.994022,-0.39378,17641800192,4.8217447347
CTSH US Equity,COGNIZANT TECH-A,32059518976,22.47147,-0.018987,9875938816,4.3430539914
KR US Equity,KROGER CO,31931172864,19.552103,1.214762,106479998976,5.9381723936
NSC US Equity,NORFOLK SOUTHERN,31872512000,16.139963,-6.030472,11634999808,2.5623050326
WMB US Equity,WILLIAMS COS INC,31849381888,105.06823,-5.184687,7155999872,3.4866546671
VFC US Equity,VF CORP,31803074560,25.057728,-1.682246,11993399808,5.4221681895
EEM US Equity,ISHARES MSCI EME,31762927616,,-1.399845,,#N/A Field Not Applicable
HCA US Equity,HCA HOLDINGS INC,31645820928,16.944229,-0.545035,36117999616,#N/A N/A
YUM US Equity,YUM! BRANDS INC,31643854848,20.925684,-0.713791,13460999936,12.6180482236
DISH US Equity,DISH NETWORK-A,31554260992,40.706726,-6.077652,14103599104,20.4378378014
STT US Equity,STATE ST CORP,31541768192,14.918445,-3.757958,10518000128,1.5924224529
AET US Equity,AETNA INC,31473633280,13.833953,0.742988,56414699520,2.1093231274
EXC US Equity,EXELON CORP,31172788224,15.862492,-2.18447,26348000256,1.3204462977
JCI US Equity,JOHNSON CONTROLS,30962925568,14.575647,-4.054611,43162000384,2.7288250067
PPG US Equity,PPG INDS INC,30729672704,24.314026,-3.127837,15355000064,5.020367974
ETN US Equity,EATON CORP PLC,30649667584,14.353986,-4.97351,22513999872,1.8478126767
MMC US Equity,MARSH & MCLENNAN,30587852800,20.563015,-1.205455,12820000000,4.0475276796
APD US Equity,AIR PRODS & CHEM,30444640256,24.049894,-1.372804,10438999808,4.1238970626
ECL US Equity,ECOLAB INC,30125690880,25.696819,-3.960964,14159200000,3.9132798784
AEP US Equity,AMERICAN ELECTRI,30058934272,17.262709,1.185766,16767000064,1.7819597604
NOC US Equity,NORTHROP GRUMMAN,30041333760,16.239704,0.902369,24028000256,3.0543241194
CME US Equity,CME GROUP INC,29743097856,28.755096,-0.394809,2958400000,1.3734180285
DE US Equity,DEERE & CO,29389072384,10.033347,-3.515316,36066800128,3.2542819621
ALL US Equity,ALLSTATE CORP,29280636928,12.999382,-0.626338,35272000512,1.4251797397
VIAB US Equity,VIACOM INC-B,29272395776,12.900219,-5.249166,13783000064,7.940968342
VRTX US Equity,VERTEX PHARM,29021362176,,1.565657,787015992,25.0774318125
GLW US Equity,CORNING INC,28995403776,13.142086,-1.351938,9266999808,1.4887232956
DFS US Equity,DISCOVER FINANCI,28718872576,12.039925,-3.298208,9674000128,2.6850681063
AMAT US Equity,APPLIED MATERIAL,28661839872,22.719175,-5.838684,9072000000,3.6414292306
VNQ US Equity,VANGUARD REIT ET,28441786368,,4.654317,,#N/A Field Not Applicable
EL US Equity,ESTEE LAUDER,28216711168,24.966244,-2.454062,10924800000,7.4960803248
IWM US Equity,ISHARES RUSSELL,28120258560,,-2.415983,,#N/A Field Not Applicable
ETE US Equity,ENERGY TRANSFER,27902738432,31.80442,-9.74207,54816999424,39.357478834
BDX US Equity,BECTON DICKINSON,27796711424,23.658531,3.291177,8445999872,5.4586497965
LUV US Equity,SOUTHWEST AIR,27692769280,24.525539,-3.591684,18405000192,3.7276577591
ILMN US Equity,ILLUMINA INC,27678640128,98.05687,5.601905,1736305024,21.7204405354
LNKD US Equity,LINKEDIN CORP-A,27587092480,,-3.286754,2022554016,9.2107481828
GLD US Equity,SPDR GOLD SHARES,27570624512,,2.509243,,#N/A Field Not Applicable
CBS US Equity,CBS CORP-B,27556575232,17.622955,-4.029634,14322000128,3.6695721921
EQR US Equity,EQUITY RESIDENTI,27387410432,57.87212,5.206021,2589222016,2.6505419536
SRE US Equity,SEMPRA ENERGY,27273594880,25.089632,-0.529817,10993000192,2.4044312339
IWF US Equity,ISHARES RUSSELL,27256768512,,-1.474745,,#N/A Field Not Applicable
VOO US Equity,VANGUARD S&P 500,27229976576,,-1.507429,,#N/A Field Not Applicable
CI US Equity,CIGNA CORP,27162327040,14.577445,0.903695,34009000448,2.4446177698
CAH US Equity,CARDINAL HEALTH,27148775424,22.104626,1.6103,90631000064,4.3794788351
CCI US Equity,CROWN CASTLE INT,26875553792,,2.28717,,4.5804524202
BBT US Equity,BB&T CORP,26787897344,11.906713,-4.371306,9955000064,1.2423077323
AFL US Equity,AFLAC INC,26728798208,9.43333,-2.897365,23015000064,1.496868904
NOV US Equity,NATL OILWELL VAR,26605152256,10.183838,-5.707306,22791000064,1.2361143857
TSLA US Equity,TESLA MOTORS,26449291264,,-5.152649,2856914048,25.9209642588
BND US Equity,VANGUARD TOTAL B,26444836864,,0.983365,,#N/A Field Not Applicable
GGP US Equity,GENERAL GROWTH P,26355240960,110.772133,5.972273,2562711040,3.6312109458
MG CN Equity,MAGNA INTL,26171234304,12.165546,0.468666,36419000320,2.4669543726
ATD/B CN Equity,ALIMEN COUCHE-B,26169722880,24.133724,-5.627435,38179099648,5.3343990602
HCN US Equity,HEALTH CARE REIT,26128732160,87.900894,5.378617,3264353024,2.1419706124
CMI US Equity,CUMMINS INC,26112139264,16.88299,-0.8601,18719000064,3.3500369992
PCG US Equity,PG&E CORP,25935054848,17.148886,2.535685,16756999936,1.6417282858
ETP US Equity,ENERGY TRANSF PA,25733789696,56.654835,-1.769233,50910999552,1.8314379872
IWD US Equity,ISHARES RUSSELL,25623937024,,-1.666665,,#N/A Field Not Applicable
LB US Equity,L BRANDS INC,25478010880,26.784616,0.577701,11203202304,#N/A N/A
SHW US Equity,SHERWIN-WILLIAMS,25470107648,30.843225,0.866788,11017178880,18.8397295507
T CN Equity,TELUS CORP,25456306176,18.200659,-0.501311,11822000128,3.1309348264
INTU US Equity,INTUIT INC,25314967552,32.067707,-3.547027,4556000000,8.6464305457
HSE CN Equity,HUSKY ENERGY INC,25183694848,12.864322,-6.90909,24312000512,1.2064623793
WDC US Equity,WESTERN DIGITAL,25113380864,15.820789,-2.312554,15269000192,2.8232466649
L CN Equity,LOBLAW COS LTD,25062717440,186.964523,-2.348398,38838000128,1.9913785498
MPC US Equity,MARATHON PETROLE,24920342528,10.139298,-1.462441,94149998592,2.3036354213
SLF CN Equity,SUN LIFE FINANCI,24894609408,12.134329,-3.029572,23099000320,1.5535339281
PWF CN Equity,POWER FINANCIAL,24883968000,12.54122,-3.289106,40001000448,1.7297501395
HLT US Equity,HILTON WORLDWIDE,24881281024,72.552399,-3.142966,10317000192,5.1944219758
VLO US Equity,VALERO ENERGY,24660103168,7.832792,-4.42424,137414004736,1.2041414952
ICE US Equity,INTERCONTINENTAL,24654704640,29.140593,-0.246246,3827000000,1.9596281909
BRCM US Equity,BROADCOM CORP-A,24479199232,30.473446,-4.56959,8348999936,2.8388262898
BHI US Equity,BAKER HUGHES INC,24428865536,16.840494,0.713397,23775999488,1.3509298999
4589 JP Equity,ACUCELA INC,24350097408,76.555557,-4.225352,5572811776,28.5086903195
SYF US Equity,SYNCHRONY FINANC,24345925632,,-1.848737,,2.4490420114
UAL US Equity,UNITED CONTINENT,24185206784,16.369204,-2.03319,38917001216,6.2702740561
CB US Equity,CHUBB CORP,24036493312,13.698892,-1.488355,14045999872,1.4562276426
IJH US Equity,ISHARES-C S&P MC,23889213440,,-1.415748,,#N/A Field Not Applicable
AGG US Equity,ISHARES CORE U.S,23849949184,,0.735559,,#N/A Field Not Applicable
FCX US Equity,FREEPORT-MCMORAN,23751540736,8.247634,-2.140411,22088000000,1.1011254983
SYY US Equity,SYSCO CORP,23750506496,22.471861,1.788871,47247525888,4.458592569
PPL US Equity,PPL CORP,23723118592,13.950546,-1.81669,10393999872,1.6965916196
VEA US Equity,VANGUARD FTSE ET,23670050816,,-2.771909,,#N/A Field Not Applicable
PCAR US Equity,PACCAR INC,23664789504,18.385828,-1.735039,18476800000,3.3047854369
TWTR US Equity,TWITTER INC,23654586368,,3.930861,1166599008,6.6855589836
DVN US Equity,DEVON ENERGY CO,23633707008,28.196774,-5.619995,16160000000,1.0654730424
MHFI US Equity,MCGRAW HILL FINA,23612354560,23.601765,-2.258937,5095000064,15.3227484305
CCL LN Equity,CARNIVAL PLC,23574145024,28.318291,2.877698,15882999808,1.4495415346
RCI/B CN Equity,ROGERS COMMUNI-B,23525232640,16.063204,0.37636,12727000064,4.4462827926
WM US Equity,WASTE MANAGEMENT,23495925760,22.125803,-0.019482,14058999808,4.3796420366
K US Equity,KELLOGG CO,23435788288,11.780623,0.871026,14567000064,6.9268550867
AMP US Equity,AMERIPRISE FINAN,23365449728,16.672369,-4.257087,12153000192,2.8419467033
M US Equity,MACY'S INC,23324116992,15.753872,2.737647,27942999552,4.3588336109
HSY US Equity,HERSHEY CO/THE,23222220800,27.677795,1.164244,7367993984,15.0438146863
VNO US Equity,VORNADO RLTY TST,23127103488,2171.093262,4.655512,2671441024,4.4140073669
TMUS US Equity,T-MOBILE US INC,22810163200,90.656738,4.862656,28236999680,1.5701317792
LO US Equity,LORILLARD INC,22807779328,19.827477,0.651414,5020999936,#N/A N/A
SE US Equity,SPECTRA ENERG,22773749760,21.718695,-6.501379,5868000000,2.7254355048
AVB US Equity,AVALONBAY COMMUN,22594492416,36.873436,4.755496,1638575008,2.4979088946
VTR US Equity,VENTAS INC,22582544384,44.359283,6.610887,3004615040,2.6317573374
SCCO US Equity,SOUTHERN COPPER,22532327424,16.640041,-2.340425,5851629952,3.8747211638
PLD US Equity,PROLOGIS INC,22104514560,48.566299,2.742274,1746685984,1.6541792645
APA US Equity,APACHE CORP,22061854720,18.979259,-6.494335,14257999872,0.7165145315
CTL US Equity,CENTURYLINK INC,21955033088,23.92416,-2.804448,18135000064,1.3349944273
CERN US Equity,CERNER CORP,21919102976,43.957203,-0.726881,3272000000,6.4526161104
IP US Equity,INTL PAPER CO,21858473984,9.689608,-3.695415,27527000064,3.206058708
ZTS US Equity,ZOETIS INC,21812643840,29.759583,1.1155,4718999936,15.9875541728
HUM US Equity,HUMANA INC,21732163584,23.116796,-1.32285,46359000064,2.1415523997
EIX US Equity,EDISON INTL,21731606528,15.547973,1.863154,13240999936,2.0241809283
DISCA US Equity,DISCOVERY COMM-A,21687713792,18.939209,-6.502182,6126000000,3.0666044189
TROW US Equity,T ROWE PRICE GRP,21664112640,18.973457,-2.725371,3889500032,4.1644963606
HCP US Equity,HCP INC,21649680384,23.221674,7.063367,2193048000,2.0090845782
MAR US Equity,MARRIOTT INTL-A,21643098112,31.30846,-2.114573,13456000000,#N/A N/A
GMCR US Equity,KEURIG GREEN MOU,21557460992,36.063019,0.472072,4707679936,6.2427190528
CMG US Equity,CHIPOTLE MEXICAN,21530851328,53.604198,1.424376,3882604992,11.370932557
QSR CN Equity,RESTAURANT BRAND,21325477888,,2.197802,,#N/A N/A
DG US Equity,DOLLAR GENERAL C,21321740288,20.984745,-0.608204,18464473600,3.990117289
STX US Equity,SEAGATE TECHNOLO,21031643136,13.487403,-3.353389,14020000000,7.1338387313
PEG US Equity,PUB SERV ENTERP,21031170048,14.346658,0.362235,10431000064,1.7400019709
MYL US Equity,MYLAN INC,21000491008,19.006687,-0.461235,7445425920,6.1975394884
VIG US Equity,VANGUARD DVD A E,20942559232,,-1.367669,,#N/A Field Not Applicable
SNDK US Equity,SANDISK CORP,20910886912,19.390793,-3.276186,6620305024,2.9599090426
BXP US Equity,BOSTON PROPERTIE,20902713344,65.01429,6.092156,2359489984,3.6527074924
HES US Equity,HESS CORP,20718522368,11.544748,-6.122997,16328000000,0.8544072966
XLF US Equity,SPDR-FINL SELECT,20595634176,,-2.587947,,#N/A Field Not Applicable
STI US Equity,SUNTRUST BANKS,20592316416,11.614122,-5.75179,8720000000,0.9666435344
PXD US Equity,PIONEER NATURAL,20537485312,,-7.336253,4364937984,2.7605302943
ABC US Equity,AMERISOURCEBERGE,20115277824,73.759254,2.018633,119569129472,10.4303586296
ZMH US Equity,ZIMMER HLDGS,20098912256,20.460943,4.637632,4691100032,3.0724862836
MJN US Equity,MEAD JOHNSON,20097951744,30.533968,-1.054304,4375800064,39.4755717228
ROST US Equity,ROSS STORES INC,19945893888,22.670616,1.495858,10750019072,9.1189731988
STZ US Equity,CONSTELLATION-A,19876681728,27.283733,4.970974,5864599936,3.6215548921
LQD US Equity,ISHARES IBOXX IN,19754399744,,1.306421,,#N/A Field Not Applicable
NFLX US Equity,NETFLIX INC,19712614400,87.021278,-4.218253,5195158016,11.4284382188
MCO US Equity,MOODY'S CORP,19700183040,23.392492,-1.429908,3236000000,78.5895171516
ED US Equity,CONS EDISON INC,19641061376,16.783163,1.590661,12958000128,1.54560427
MNST US Equity,MONSTER BEVERAGE,19439292416,44.89616,7.023536,2400148960,14.0208522594
G CN Equity,GOLDCORP INC,19370266624,,10.89893,3633000000,0.8413234314
AZO US Equity,AUTOZONE INC,19369598976,18.604166,-1.917268,9641998848,#N/A N/A
ORLY US Equity,O'REILLY AUTOMOT,19253204992,27.190544,-1.469215,7073137024,9.8326134639
KKR US Equity,KKR & CO LP,19089276928,7.794702,1.421809,10646347904,1.8109394902
WY US Equity,WEYERHAEUSER CO,18971473920,21.684771,0.808027,8119000064,3.2543720828
ISRG US Equity,INTUITIVE SURGIC,18946715648,39.898998,-1.191059,2103199968,6.1512977536
STJ US Equity,ST JUDE MEDICAL,18821644288,16.556612,1.230206,5605000064,4.5904794542
AA US Equity,ALCOA INC,18803253248,27.164745,-2.08993,23114000384,1.4756694501
BF/B US Equity,BROWN-FORMAN -B,18788952064,28.171642,1.07013,3053000000,9.132787778
SIRI US Equity,SIRIUS XM HOLDIN,18736052224,43.603909,-2.571426,4090220992,16.0942470355
WPZ US Equity,WILLIAMS PARTNER,18661128192,32.570988,-5.162014,6632999936,1.8190007091
BSX US Equity,BOSTON SCIENTIFC,18610653184,33.304295,5.88679,7330999936,2.7762696088
AMTD US Equity,TD AMERITRADE HO,18558339072,24.056337,-4.527666,3128000000,3.9210614821
RCL US Equity,ROYAL CARIBBEAN,18524192768,25.419411,0.921997,8110187136,2.0533101637
GPS US Equity,GAP INC/THE,18467913728,15.821722,4.078761,16302000128,6.4750960956
PAA US Equity,PLAINS ALL AMER,18449158144,21.856405,-3.371005,44636999680,2.282382227
OMC US Equity,OMNICOM GROUP,18447194112,17.975338,-4.053181,15180800000,6.0715517061
MRO US Equity,MARATHON OIL,18350448640,11.175265,-3.888301,12307000064,0.9074087986
XEL US Equity,XCEL ENERGY INC,18310887424,18.664948,0.807352,11488328960,1.8022666444
PH US Equity,PARKER HANNIFIN,18247675904,16.929758,-4.800306,13259758848,2.7736234266
WFM US Equity,WHOLE FOODS MKT,18061680640,32.160255,-0.495835,14193999872,4.7420055967
TYC US Equity,TYCO INTERNATION,18060972032,21.453638,-1.595989,10500000256,3.9649482671
ADS US Equity,ALLIANCE DATA,17922502656,31.556253,-2.132486,4958291072,15.3892446685
HST US Equity,HOST HOTELS & RE,17910587392,34.08326,-0.504842,5365000064,2.4432405621
MMP US Equity,MAGELLAN MIDSTRE,17745383424,23.019146,-5.456088,2214091040,9.7423023534
FIS US Equity,FIDELITY NATIONA,17666344960,25.883181,0.096459,6303200000,2.7375300215
HIG US Equity,HARTFORD FINL SV,17526769664,12.08939,-2.566562,19933000192,0.9350461897
CVE CN Equity,CENOVUS ENERGY,17350541312,16.142027,-4.380473,20150999552,1.6152658306
SYMC US Equity,SYMANTEC CORP,17301995520,16.708454,-2.280261,6681999872,2.9340335653
FISV US Equity,FISERV INC,17282557952,25.723825,-0.183183,5013000064,5.0193677359
CHTR US Equity,CHARTER COM-A,17132180480,,-5.899653,8896000000,176.6204053194
NU US Equity,NORTHEAST UTILS,17129341952,20.745129,1.027652,7638464896,1.730923164
VUG US Equity,VANGUARD GRW ETF,17104949248,,-1.590187,,#N/A Field Not Applicable
PAYX US Equity,PAYCHEX INC,17006187520,26.330824,1.429508,2618600000,9.2700069045
MOS US Equity,MOSAIC CO/THE,17002626048,21.938757,0.30668,8858599936,1.5611226607
VTV US Equity,VANGUARD VAL ETF,16999910400,,-1.597821,,#N/A Field Not Applicable
GWW US Equity,WW GRAINGER INC,16750596096,20.596493,-3.617247,9831225856,4.9322498902
ADI US Equity,ANALOG DEVICES,16745936896,22.463064,-3.079969,2864772992,3.5196090826
S US Equity,SPRINT CORP,16694240256,,1.68674,35293999616,0.6767262365
AGU CN Equity,AGRIUM INC,16596324352,14.962743,4.981821,16204000000,2.0325590167
APH US Equity,AMPHENOL CORP-A,16364533760,24.661276,-1.728304,5164723072,5.5435730382
SIAL US Equity,SIGMA-ALDRICH,16358755328,32.570045,0.072842,2764000000,5.2698354026
FE US Equity,FIRSTENERGY CORP,16272046080,16.791338,-0.820732,15220000000,1.491757133
IR US Equity,INGERSOLL-RAND,16244224000,18.494495,-3.47058,12749699840,2.5890922762
IVZ US Equity,INVESCO LTD,16242202624,19.347313,-4.605262,5095500160,1.9279401157
1316 HK Equity,NEXTEER AUTOMOTI,16235725824,13.968761,-2.108432,2386822912,3.8126051027
NLSN US Equity,NIELSEN NV,16076923904,35.646069,-4.337131,6266000000,2.9040350582
DVA US Equity,DAVITA HEALTHCAR,15964920832,19.956079,-1.91444,12530298112,3.2086778709
SEP US Equity,SPECTRA ENERGY,15960764416,11.940005,-5.178165,2190000000,1.5003540935
PGR US Equity,PROGRESSIVE CORP,15885019136,15.547149,-0.111155,18815699456,2.2904317709
ETR US Equity,ENTERGY CORP,15840829440,14.362643,0.331497,12355508992,1.5536305775
NA CN Equity,NATL BK CANADA,15806726144,10.596519,-2.73058,7515999872,1.8665618593
LVLT US Equity,LEVEL 3 COMM INC,15796896768,35.139378,-4.779264,6464999808,6.8012016322
LNG US Equity,CHENIERE ENERGY,15776323584,,-5.383524,268423000,#N/A N/A
GPC US Equity,GENUINE PARTS CO,15775784960,22.849224,-3.30299,15036994048,4.5041720351
BSV US Equity,VANGUARD SHORT-T,15728398336,,0.262673,,#N/A Field Not Applicable
MTB US Equity,M&T BANK CORP,15705461760,16.419889,-5.365392,4708606848,1.4149935826
RL US Equity,RALPH LAUREN COR,15679895552,21.204151,-3.445671,7584000128,3.891537824
FITB US Equity,FIFTH THIRD BANC,15672611840,10.111901,-6.650304,6543999872,1.1275251661
MSI US Equity,MOTOROLA SOLUTIO,15509741568,22.31583,-3.950509,7133999872,4.8297418479
DVY US Equity,ISHARES SELECT D,15427217408,,-1.095721,,#N/A Field Not Applicable
DTE US Equity,DTE ENERGY CO,15407090688,21.376337,0.787311,11755999744,1.8860437266
XRX US Equity,XEROX CORP,15342509056,13.406751,-3.030304,21102000128,1.2999925573
ABX CN Equity,BARRICK GOLD CRP,15315405824,16.446163,5.031942,10550000128,0.9784897382
CAG US Equity,CONAGRA FOODS,15294678016,16.82958,-1.019843,16677500160,2.7463463901
MDY US Equity,SPDR S&P MID 400,15235519488,,-1.473658,,#N/A Field Not Applicable
ROP US Equity,ROPER INDS,15142817792,24.325926,-3.140392,3492521920,3.3211262315
NTRS US Equity,NORTHERN TRUST,15133551616,20.211819,-4.658753,4440199936,1.8559439199
JWN US Equity,NORDSTROM INC,15109265408,20.9,0.037787,13174000128,6.6392883254
NBL US Equity,NOBLE ENERGY INC,15103896576,16.940575,-11.996624,5082999936,1.5288147123
PAGP US Equity,PLAINS GP HOLD-A,15011357696,56.295456,-3.543613,44636999680,3.2496386314
L US Equity,LOEWS CORP,14973248512,13.452729,-4.759638,14748999936,0.769416491
NUE US Equity,NUCOR CORP,14957906944,21.825169,-4.403669,20996138496,1.9337248275
WHR US Equity,WHIRLPOOL CORP,14941888512,15.61178,-0.96005,18958999552,2.8793074992
TSN US Equity,TYSON FOODS-A,14910614528,16.796587,-0.873032,37579999232,1.680791972
WDAY US Equity,WORKDAY INC-A,14838450176,,-2.769271,703452992,13.1404883695
SWK US Equity,STANLEY BLACK &,14823995392,18.03306,-1.509164,11334499840,2.1296395779
PFG US Equity,PRINCIPAL FINL,14756769792,14.108035,-3.253752,10242200064,1.5106282765
WYNN US Equity,WYNN RESORTS LTD,14742341632,17.132587,-2.21833,5815582976,155.6494974615
DLTR US Equity,DOLLAR TREE INC,14566495232,23.693686,0.639393,8361500032,9.1916796269
EA US Equity,ELECTRONIC ARTS,14554930176,29.222551,-0.436027,4135000064,5.4699327447
SJR/B CN Equity,SHAW COMM-B,14526176256,16.458006,-1.212125,5241000064,3.2453973647
BBBY US Equity,BED BATH &BEYOND,14487526400,16.226141,2.678221,11669754112,4.929111844
CF US Equity,CF INDUSTRIES HO,14460018688,15.078091,6.677912,4853000128,3.2150202159
IJR US Equity,ISHARES CORE S&P,14449946624,,-2.884448,,#N/A Field Not Applicable
ROK US Equity,ROCKWELL AUTOMAT,14413201408,17.916479,-4.442441,6623499904,5.4647087363
RSG US Equity,REPUBLIC SVCS,14342439936,20.331678,0.223603,8704600064,1.8086606198
UA US Equity,UNDER ARMOUR-A,14223668224,77.540512,-1.973496,2871924928,11.4647556098
TAP US Equity,MOLSON COORS-B,14220693504,20.570524,1.180898,4200899968,1.664582077
SBAC US Equity,SBA COMM CORP-A,14218714112,9206.720703,-0.559771,1457659008,#N/A N/A
LNC US Equity,LINCOLN NATL CRP,14189714432,9.455893,-5.288711,12990999808,0.9182976575
POW CN Equity,POWER CORP CDA,14184728576,12.706612,-3.180101,40828000256,1.3040661316
HYG US Equity,ISHARES IBOXX HI,14130024448,,-0.691959,,#N/A Field Not Applicable
DPS US Equity,DR PEPPER SNAPPL,14098575360,20.420938,1.17187,6075000192,5.9683653408
CPB US Equity,CAMPBELL SOUP CO,14081619968,17.523712,2.13636,8358000000,8.6935844068
KMX US Equity,CARMAX INC,13953286144,26.549179,-2.703519,13830906880,4.2937251224
EWJ US Equity,ISHARES MSCI JPN,13918607360,,-1.156585,,#N/A Field Not Applicable
EW US Equity,EDWARDS LIFE,13906648064,44.844734,2.05684,2240900032,6.8009200352
ESS US Equity,ESSEX PROPERTY,13904851968,73.2985,5.256535,850121008,2.3267370903
SDY US Equity,SPDR S&P DIV ETF,13892084736,,-1.015232,,#N/A Field Not Applicable
HOG US Equity,HARLEY-DAVIDSON,13880291328,16.793617,-1.714466,6218984960,4.2261743373
BMRN US Equity,BIOMARIN PHARMAC,13826369536,,3.716815,667059008,9.1640298803
MAC US Equity,MACERICH CO,13809205248,200.278549,4.819562,1064477984,3.8612889349
GIB/A CN Equity,CGI GROUP INC-A,13762000896,15.068727,-0.993458,10499691776,2.7475602358
CLX US Equity,CLOROX CO,13732123648,24.452944,1.832841,5579000064,81.2336960383
HOT US Equity,STARWOOD HOTELS,13714585600,25.263424,-5.267049,5996000000,6.4501351032
FFH CN Equity,FAIRFAX FINL HLD,13708722176,13.969657,-0.949445,9507500032,1.2630106315
ATVI US Equity,ACTIVISION BLIZZ,13701116928,21.837639,-5.43424,4352000064,1.9593487147
CA US Equity,CA INC,13623026688,16.583057,0.558293,4419000128,2.3477356311
TIF US Equity,TIFFANY & CO,13605437440,24.375893,-1.572151,4262934976,4.7008207105
RF US Equity,REGIONS FINANCIA,13585808384,11.777002,-6.534096,5510000128,0.8368420539
SWKS US Equity,SKYWORKS SOLUTIO,13532594176,29.30117,-2.379309,2291400000,5.3030392652
BBY US Equity,BEST BUY CO INC,13514782720,16.55341,-1.15444,41780999168,2.9549532244
FAST US Equity,FASTENAL CO,13485091840,28.521074,-4.352396,3621012992,7.0915459026
HRL US Equity,HORMEL FOODS CRP,13482444800,22.963329,-1.842609,9316256000,3.7388748907
SAP CN Equity,SAPUTO INC,13476880384,22.847683,-1.202744,10151091968,4.5068686753
QVCA US Equity,LIBERTY INTERA-A,13416527872,26.49785,-4.520734,11316999680,2.8034862242
FNMA US Equity,FANNIE MAE,13376694272,,19.708027,124068999168,#N/A N/A
A US Equity,AGILENT TECH INC,13312275456,17.773146,-2.789737,6981000064,2.510286949
NI US Equity,NISOURCE INC,13309904896,25.863523,-0.612915,6376300032,2.2149007414
PPL CN Equity,PEMBINA PIPELINE,13143961600,36.620369,-6.589516,6108000000,2.5248854386
CFG US Equity,CITIZENS FINANCI,13096813568,,-3.459375,,0.6933890407
ADSK US Equity,AUTODESK INC,13055126528,108.30809,-4.462205,2434200000,5.7468530935
XLK US Equity,SPDR-TECH SEL S,13044092928,,-2.079799,,#N/A Field Not Applicable
RHT US Equity,RED HAT INC,12922175488,71.666443,-0.491751,1725944992,10.4733999509
BG US Equity,BUNGE LTD,12912226304,40.805016,-2.177982,60305000448,1.4949157167
BCR US Equity,CR BARD INC,12765741056,25.164406,2.292646,3247699968,6.9674389253
WGP US Equity,WESTERN GAS EQUI,12729238528,59.948456,-3.453425,1203980000,13.5673625652
EEP US Equity,ENBRIDGE ENERGY,12590219264,87.5,-3.508776,7855000064,3.8375266328
INCY US Equity,INCYTE CORP,12577721344,,1.83285,484593008,#N/A N/A
900100 KS Equity,NEW PRIDE CORP,12547276800,,4.761905,63885052,15.4139097345
DIA US Equity,SPDR DJIA TRUST,12527093760,,-1.28739,,#N/A Field Not Applicable
WN CN Equity,WESTON (GEORGE),12514840576,25.515066,-2.610857,40102999552,1.7476880937
KSU US Equity,KANSAS CITY SOUT,12500517888,24.69364,-7.178565,2550200000,3.4342142951
CLR US Equity,CONTL RES INC/OK,12498938880,11.523956,-12.460894,4621601088,2.5768928571
TIP US Equity,ISHARES TIPS BON,12387323904,,0.812424,,#N/A Field Not Applicable
KSS US Equity,KOHLS CORP,12385178624,15.365915,0.442334,18784999936,2.1440017707
NTAP US Equity,NETAPP INC,12383559680,19.765903,-3.751511,6290699904,3.5927223461
AME US Equity,AMETEK INC,12348283904,21.427896,-4.598142,3940289024,3.5608337218
LRCX US Equity,LAM RESEARCH,12330564608,21.098682,-2.230901,4744618112,2.5279581831
BWA US Equity,BORGWARNER INC,12284996608,16.602915,-1.674253,8198599936,3.2930349673
SLG US Equity,SL GREEN REALTY,12259577856,33.483147,4.469837,1533326976,1.8013522218
CFN US Equity,CAREFUSION CORP,12200976384,27.885807,0.690933,3934000000,2.6439739261
EQIX US Equity,EQUINIX INC,12093258752,61.378361,-2.902131,2370332032,4.5189954188
XLV US Equity,SPDR-HEALTH CARE,12092307456,,1.857275,,#N/A Field Not Applicable
IVW US Equity,ISHARES S&P 500,12066771968,,-1.120072,,#N/A Field Not Applicable
WEC US Equity,WISCONSIN ENERGY,12026840064,21.209579,1.118696,4950300032,2.7344292587
FLT US Equity,FLEETCOR TECHNOL,12005532672,37.489532,-3.698473,1078194016,7.6997858427
VEU US Equity,VANGUARD FTSE AL,11982523392,,-2.390096,,#N/A Field Not Applicable
CHK US Equity,CHESAPEAKE ENERG,11925434368,22.838322,-8.380171,20442000384,0.8971613412
CCT CN Equity,CATAMARAN CORP,11907834880,34.11343,-4.540917,20370799616,1.9504782861
MWE US Equity,MARKWEST ENERGY,11870328832,128.851074,-9.867541,2104191040,2.4113341989
QSP-U CN Equity,RESTAURANT BRAND,11847493632,,1.96168,,#N/A Field Not Applicable
PFF US Equity,ISHARES US PREFE,11791882240,,0.380328,,#N/A Field Not Applicable
LMCA US Equity,LIBERTY MEDIA -A,11706824704,31.957102,-3.402327,4380000000,0.8335109105
COG US Equity,CABOT OIL & GAS,11684332544,32.397816,-4.457952,1997704032,4.9404830892
XIU CN Equity,ISHARES S&P/TSX,11668954112,,-2.24497,,#N/A Field Not Applicable
HSIC US Equity,HENRY SCHEIN INC,11667948544,26.14151,1.762769,10195664128,4.1520299326
AAP US Equity,ADVANCE AUTO PAR,11658630144,23.203255,0.276245,9015464960,6.0548469613
DXJ US Equity,WISDOMTREE JPN H,11633031168,,-1.828149,,#N/A Field Not Applicable
CPG CN Equity,CRESCENT POINT,11548071936,29.194025,-3.604605,3436819968,1.1293366519
DOV US Equity,DOVER CORP,11527407616,14.071332,-2.802568,8233979904,2.9392112716
IGM CN Equity,IGM FINANCIAL IN,11478809600,14.167702,-1.489964,2789630976,2.4345469812
IWR US Equity,ISHARES RUSSELL,11463816192,,-1.394868,,#N/A Field Not Applicable
TXT US Equity,TEXTRON INC,11442225152,19.865776,-1.567323,13288000000,2.5039988978
TRW US Equity,TRW AUTOMOTIVE,11389295616,11.454128,0.097227,17686999808,2.6086221248
O US Equity,REALTY INCOME,11377038336,57.360733,7.084471,901630992,2.2019636363
KEY US Equity,KEYCORP,11374840832,12.697927,-5.539565,4317000000,1.1184995693
XLE US Equity,SPDR-ENERGY SEL,11335225344,,-4.901471,,#N/A Field Not Applicable
CBG US Equity,CBRE GROUP INC-A,11320805376,25.220352,-0.700735,8496574976,5.2748692543
ECA CN Equity,ENCANA CORP,11315278848,15.670264,-5.56586,7188000000,1.0073576637
AMG US Equity,AFFIL MANAGERS,11297912832,25.597477,-4.212214,2463700096,4.3527174484
SPLS US Equity,STAPLES INC,11295700992,16.083717,-2.566226,22709166080,1.8759604097
COL US Equity,ROCKWELL COLLINS,11289739264,18.616051,0.520827,5009000000,6.1616580412
MNK US Equity,MALLINCKRODT,11268563968,79.856026,-2.14076,2540400000,2.265981605
MHK US Equity,MOHAWK INDS,11229767680,20.75338,-0.843201,7776104064,2.4568257711
XLNX US Equity,XILINX INC,11158690816,18.105051,-2.529455,2421534016,4.1115884073
KLAC US Equity,KLA-TENCOR CORP,11151539200,20.465824,-3.583613,2913971968,3.1593270135
SRCL US Equity,STERICYCLE INC,11150569472,31.752989,0.167837,2446553024,5.9949945404
IEP US Equity,ICAHN ENTERPRISE,11117616128,20.894978,-1.027365,20663000064,1.8051008131
UHS US Equity,UNIVERSAL HLTH-B,11083902976,21.875153,0.656117,7758590976,3.0760529775
ALLY US Equity,ALLY FINANCIAL I,11080568832,14.105581,-2.286202,9763000064,0.794704099
ALTR US Equity,ALTERA CORP,11025222656,24.60544,-2.084463,1906582016,3.3224024779
EQT US Equity,EQT CORP,11005395968,25.575365,-4.042269,2259945024,2.4966364671
AEE US Equity,AMEREN CORP,11003488256,18.7794,-1.690879,6005000064,1.6241378255
HBI US Equity,HANESBRANDS INC,10971152384,21.431833,-1.603656,5087939968,7.4905090809
KIM US Equity,KIMCO REALTY,10906876928,31.724644,5.449486,1016792992,2.9176318418
IFC CN Equity,INTACT FINANCIAL,10895717376,16.93865,-1.216454,7790999936,2.2727822341
EMN US Equity,EASTMAN CHEMICAL,10851411968,10.911873,-3.691014,9442999808,2.7807484972
FTS CN Equity,FORTIS INC,10836026368,24.949949,1.078034,4936999936,1.7128635181
HTZ US Equity,HERTZ GLOBAL HOL,10740225024,20.712358,-5.934248,10776807936,3.8070011505
CU CN Equity,CAN UTILITIES-A,10721754112,20.354998,-0.51332,3580000000,2.5312783812
PLL US Equity,PALL CORP,10717336576,26.470877,-0.602708,2855860032,6.7200029551
AKAM US Equity,AKAMAI TECHNOLOG,10708116480,34.009529,-4.447267,1863559008,3.7636164801
LLL US Equity,L-3 COMM HLDGS,10702093312,16.358004,-0.396165,12186000128,1.8112869529
EXPE US Equity,EXPEDIA INC,10651542528,24.568396,-1.394098,5559521920,5.6504740577
TSCO US Equity,TRACTOR SUPPLY,10567887872,30.727272,-1.370213,5542550016,8.6330591585
CCE US Equity,COCA-COLA ENTER,10558958592,15.504294,-1.221169,8370999936,6.1034443407
LLTC US Equity,LINEAR TECH CORP,10552641536,22.343435,-2.982449,1419089024,7.6419078168
CHD US Equity,CHURCH & DWIGHT,10491941888,27.412678,-0.482169,3254700032,5.0207770488
SIG US Equity,SIGNET JEWELERS,10490548224,27.585072,-0.554846,5023900032,3.9713006495
IPL CN Equity,INTER PIPELINE L,10480195584,30.202429,-10.517527,1540396000,4.0765319742
ACMP US Equity,ACCESS MIDSTREAM,10436245504,44.321854,-5.369003,1211939040,2.6456675204
WYN US Equity,WYNDHAM WORLDWID,10403382272,19.577103,-1.585822,5245000064,7.3843658148
NVDA US Equity,NVIDIA CORP,10400578560,18.142962,-4.563586,4575210880,2.4736231842
CXO US Equity,CONCHO RESOURCES,10395796480,23.10972,-7.779451,2703232960,2.0225731402
VRSK US Equity,VERISK ANALYTI-A,10383379456,29.994307,-1.701802,1698584992,14.3582228154
NLY US Equity,ANNALY CAPITAL M,10366767104,14.025641,1.202582,1574751032,0.8498727544
HSP US Equity,HOSPIRA INC,10341626880,28.896595,-0.212247,4421600000,3.0836267624
NCLH US Equity,NORWEGIAN CRUISE,10332517376,23.612154,-1.176217,2937317056,3.3335986375
COH US Equity,COACH INC,10312589312,13.102304,-0.372745,4694265984,4.2264462503
CQP US Equity,CHENIERE ENERGY,10302800896,,-4.6875,269138000,8.4015392506
SJM US Equity,JM SMUCKER CO,10206141440,17.505987,-0.732824,5505400064,1.9763201339
CHRW US Equity,CH ROBINSON,10197539840,24.03793,-6.916812,13265746944,10.0345277204
MAT US Equity,MATTEL INC,10134308864,14.291823,-3.344643,6143053056,3.3031474155
TRIP US Equity,TRIPADVISOR INC,10124755968,48.885345,-5.116538,1170668992,9.3222412413
PANW US Equity,PALO ALTO NETWOR,10110931968,,2.414946,662345008,20.493104253
MGM US Equity,MGM RESORTS INTE,10033585152,47.511631,-4.4434,10209650944,2.2685383877
NWL US Equity,NEWELL RUBBERMAI,10027988992,19.061607,-2.887893,5727499776,4.9508711207
NEM US Equity,NEWMONT MINING,10020804608,17.332264,6.296299,7443999872,0.9653024279
